testcase_id,module_name,coverage,runtime_seconds,pass_fail
register_comparator_test_0,register_comparator,11.56,15000,PASS
register_comparator_test_1,register_comparator,14.78,35000,PASS
register_comparator_test_2,register_comparator,26.33,55000,PASS
register_comparator_test_3,register_comparator,29.56,75000,PASS
register_comparator_test_4,register_comparator,32.78,95000,PASS
register_comparator_test_5,register_comparator,36.0,115000,PASS
register_comparator_test_6,register_comparator,37.66,135000,PASS
register_comparator_test_7,register_comparator,46.09,155000,PASS
register_comparator_test_8,register_comparator,47.75,175000,PASS
register_comparator_test_9,register_comparator,50.98,195000,PASS
register_comparator_test_10,register_comparator,52.64,215000,PASS
register_comparator_test_11,register_comparator,54.3,235000,PASS
register_comparator_test_12,register_comparator,54.39,255000,PASS
register_comparator_test_13,register_comparator,56.05,275000,PASS
register_comparator_test_14,register_comparator,57.71,295000,PASS
register_comparator_test_15,register_comparator,57.81,315000,PASS
register_comparator_test_16,register_comparator,59.47,335000,PASS
register_comparator_test_17,register_comparator,59.57,355000,PASS
register_comparator_test_18,register_comparator,61.23,375000,PASS
register_comparator_test_19,register_comparator,62.89,395000,PASS
register_comparator_test_20,register_comparator,64.55,415000,PASS
register_comparator_test_21,register_comparator,64.65,435000,PASS
register_comparator_test_22,register_comparator,66.31,455000,PASS
register_comparator_test_23,register_comparator,66.41,475000,PASS
register_comparator_test_24,register_comparator,68.07,495000,PASS
register_comparator_test_25,register_comparator,68.16,515000,PASS
register_comparator_test_26,register_comparator,68.26,535000,PASS
register_comparator_test_27,register_comparator,68.36,555000,PASS
register_comparator_test_28,register_comparator,70.02,575000,PASS
register_comparator_test_29,register_comparator,70.12,595000,PASS
register_comparator_test_30,register_comparator,70.21,615000,PASS
register_comparator_test_31,register_comparator,71.88,635000,PASS
register_comparator_test_32,register_comparator,71.97,655000,PASS
register_comparator_test_33,register_comparator,72.07,675000,PASS
register_comparator_test_34,register_comparator,73.73,695000,PASS
register_comparator_test_35,register_comparator,73.83,715000,PASS
register_comparator_test_36,register_comparator,73.93,735000,PASS
register_comparator_test_37,register_comparator,75.59,755000,PASS
register_comparator_test_38,register_comparator,77.25,775000,PASS
register_comparator_test_39,register_comparator,77.34,795000,PASS
register_comparator_test_40,register_comparator,77.44,815000,PASS
register_comparator_test_41,register_comparator,77.54,835000,PASS
register_comparator_test_42,register_comparator,77.64,855000,PASS
register_comparator_test_43,register_comparator,77.73,875000,PASS
register_comparator_test_44,register_comparator,77.83,895000,PASS
register_comparator_test_45,register_comparator,77.93,915000,PASS
register_comparator_test_46,register_comparator,79.59,935000,PASS
register_comparator_test_47,register_comparator,79.69,955000,PASS
register_comparator_test_48,register_comparator,79.79,975000,PASS
register_comparator_test_49,register_comparator,79.88,995000,PASS
register_comparator_test_50,register_comparator,79.98,1015000,PASS
register_comparator_test_51,register_comparator,80.08,1035000,PASS
register_comparator_test_52,register_comparator,80.18,1055000,PASS
register_comparator_test_53,register_comparator,80.27,1075000,PASS
register_comparator_test_54,register_comparator,80.37,1095000,PASS
register_comparator_test_55,register_comparator,80.47,1115000,PASS
register_comparator_test_56,register_comparator,80.57,1135000,PASS
register_comparator_test_57,register_comparator,80.66,1155000,PASS
register_comparator_test_58,register_comparator,80.76,1175000,PASS
register_comparator_test_59,register_comparator,80.86,1195000,PASS
register_comparator_test_60,register_comparator,80.96,1215000,PASS
register_comparator_test_61,register_comparator,81.05,1235000,PASS
register_comparator_test_62,register_comparator,81.15,1255000,PASS
register_comparator_test_63,register_comparator,81.25,1275000,PASS
register_comparator_test_64,register_comparator,81.35,1295000,PASS
register_comparator_test_65,register_comparator,81.45,1315000,PASS
register_comparator_test_66,register_comparator,81.54,1335000,PASS
register_comparator_test_67,register_comparator,81.64,1355000,PASS
register_comparator_test_68,register_comparator,81.74,1375000,PASS
register_comparator_test_69,register_comparator,81.84,1395000,PASS
register_comparator_test_70,register_comparator,81.93,1415000,PASS
register_comparator_test_71,register_comparator,82.03,1435000,PASS
register_comparator_test_72,register_comparator,82.13,1455000,PASS
register_comparator_test_73,register_comparator,82.23,1475000,PASS
register_comparator_test_74,register_comparator,82.32,1495000,PASS
register_comparator_test_75,register_comparator,82.42,1515000,PASS
register_comparator_test_76,register_comparator,82.52,1535000,PASS
register_comparator_test_77,register_comparator,82.62,1555000,PASS
register_comparator_test_78,register_comparator,82.71,1575000,PASS
register_comparator_test_79,register_comparator,82.81,1595000,PASS
register_comparator_test_80,register_comparator,82.91,1615000,PASS
register_comparator_test_81,register_comparator,83.01,1635000,PASS
register_comparator_test_82,register_comparator,83.11,1655000,PASS
register_comparator_test_83,register_comparator,83.2,1675000,PASS
register_comparator_test_84,register_comparator,83.3,1695000,PASS
register_comparator_test_85,register_comparator,83.4,1715000,PASS
register_comparator_test_86,register_comparator,83.5,1735000,PASS
register_comparator_test_87,register_comparator,83.59,1755000,PASS
register_comparator_test_88,register_comparator,83.69,1775000,PASS
register_comparator_test_89,register_comparator,83.79,1795000,PASS
register_comparator_test_90,register_comparator,83.89,1815000,PASS
register_comparator_test_91,register_comparator,83.98,1835000,PASS
register_comparator_test_92,register_comparator,84.08,1855000,PASS
register_comparator_test_93,register_comparator,84.18,1875000,PASS
register_comparator_test_94,register_comparator,84.28,1895000,PASS
register_comparator_test_95,register_comparator,84.38,1915000,PASS
register_comparator_test_96,register_comparator,84.47,1935000,PASS
register_comparator_test_97,register_comparator,84.57,1955000,PASS
register_comparator_test_98,register_comparator,84.67,1975000,PASS
register_comparator_test_99,register_comparator,84.77,1995000,PASS
register_comparator_test_100,register_comparator,84.86,2015000,PASS
register_comparator_test_101,register_comparator,84.96,2035000,PASS
register_comparator_test_102,register_comparator,85.06,2055000,PASS
register_comparator_test_103,register_comparator,85.16,2075000,PASS
register_comparator_test_104,register_comparator,85.25,2095000,PASS
register_comparator_test_105,register_comparator,85.35,2115000,PASS
register_comparator_test_106,register_comparator,85.45,2135000,PASS
register_comparator_test_107,register_comparator,85.55,2155000,PASS
register_comparator_test_108,register_comparator,85.64,2175000,PASS
register_comparator_test_109,register_comparator,85.74,2195000,PASS
register_comparator_test_110,register_comparator,85.84,2215000,PASS
register_comparator_test_111,register_comparator,85.94,2235000,PASS
register_comparator_test_112,register_comparator,86.04,2255000,PASS
register_comparator_test_113,register_comparator,86.13,2275000,PASS
register_comparator_test_114,register_comparator,86.23,2295000,PASS
register_comparator_test_115,register_comparator,86.33,2315000,PASS
register_comparator_test_116,register_comparator,86.43,2335000,PASS
register_comparator_test_117,register_comparator,86.52,2355000,PASS
register_comparator_test_118,register_comparator,86.62,2375000,PASS
register_comparator_test_119,register_comparator,86.72,2395000,PASS
register_comparator_test_120,register_comparator,86.82,2415000,PASS
register_comparator_test_121,register_comparator,86.91,2435000,PASS
register_comparator_test_122,register_comparator,87.01,2455000,PASS
register_comparator_test_123,register_comparator,87.11,2475000,PASS
register_comparator_test_124,register_comparator,87.21,2495000,PASS
register_comparator_test_125,register_comparator,87.3,2515000,PASS
register_comparator_test_126,register_comparator,87.4,2535000,PASS
register_comparator_test_127,register_comparator,87.5,2555000,PASS
register_comparator_test_128,register_comparator,87.6,2575000,PASS
register_comparator_test_129,register_comparator,87.7,2595000,PASS
register_comparator_test_130,register_comparator,87.79,2615000,PASS
register_comparator_test_131,register_comparator,87.89,2635000,PASS
register_comparator_test_132,register_comparator,87.99,2655000,PASS
register_comparator_test_133,register_comparator,88.09,2675000,PASS
register_comparator_test_134,register_comparator,88.18,2695000,PASS
register_comparator_test_135,register_comparator,88.28,2715000,PASS
register_comparator_test_136,register_comparator,88.38,2735000,PASS
register_comparator_test_137,register_comparator,88.48,2755000,PASS
register_comparator_test_138,register_comparator,88.57,2775000,PASS
register_comparator_test_139,register_comparator,88.67,2795000,PASS
register_comparator_test_140,register_comparator,88.77,2815000,PASS
register_comparator_test_141,register_comparator,88.87,2835000,PASS
register_comparator_test_142,register_comparator,88.96,2855000,PASS
register_comparator_test_143,register_comparator,89.06,2875000,PASS
register_comparator_test_144,register_comparator,89.16,2895000,PASS
register_comparator_test_145,register_comparator,89.26,2915000,PASS
register_comparator_test_146,register_comparator,89.36,2935000,PASS
register_comparator_test_147,register_comparator,89.45,2955000,PASS
register_comparator_test_148,register_comparator,89.55,2975000,PASS
register_comparator_test_149,register_comparator,89.65,2995000,PASS
register_comparator_test_150,register_comparator,89.75,3015000,PASS
register_comparator_test_151,register_comparator,89.84,3035000,PASS
register_comparator_test_152,register_comparator,89.94,3055000,PASS
register_comparator_test_153,register_comparator,90.04,3075000,PASS
register_comparator_test_154,register_comparator,90.14,3095000,PASS
register_comparator_test_155,register_comparator,90.23,3115000,PASS
register_comparator_test_156,register_comparator,90.33,3135000,PASS
register_comparator_test_157,register_comparator,90.43,3155000,PASS
register_comparator_test_158,register_comparator,90.53,3175000,PASS
register_comparator_test_159,register_comparator,90.62,3195000,PASS
register_comparator_test_160,register_comparator,90.72,3215000,PASS
register_comparator_test_161,register_comparator,90.82,3235000,PASS
register_comparator_test_162,register_comparator,90.92,3255000,PASS
register_comparator_test_163,register_comparator,91.02,3275000,PASS
register_comparator_test_164,register_comparator,91.11,3295000,PASS
register_comparator_test_165,register_comparator,91.21,3315000,PASS
register_comparator_test_166,register_comparator,91.31,3335000,PASS
register_comparator_test_167,register_comparator,91.41,3355000,PASS
register_comparator_test_168,register_comparator,91.5,3375000,PASS
register_comparator_test_169,register_comparator,91.6,3395000,PASS
register_comparator_test_170,register_comparator,91.7,3415000,PASS
register_comparator_test_171,register_comparator,91.8,3435000,PASS
register_comparator_test_172,register_comparator,91.89,3455000,PASS
register_comparator_test_173,register_comparator,91.99,3475000,PASS
register_comparator_test_174,register_comparator,92.09,3495000,PASS
register_comparator_test_175,register_comparator,92.19,3515000,PASS
register_comparator_test_176,register_comparator,92.29,3535000,PASS
register_comparator_test_177,register_comparator,92.38,3555000,PASS
register_comparator_test_178,register_comparator,92.48,3575000,PASS
register_comparator_test_179,register_comparator,92.58,3595000,PASS
register_comparator_test_180,register_comparator,92.68,3615000,PASS
register_comparator_test_181,register_comparator,92.77,3635000,PASS
register_comparator_test_182,register_comparator,92.87,3655000,PASS
register_comparator_test_183,register_comparator,92.97,3675000,PASS
register_comparator_test_184,register_comparator,93.07,3695000,PASS
register_comparator_test_185,register_comparator,93.16,3715000,PASS
register_comparator_test_186,register_comparator,93.26,3735000,PASS
register_comparator_test_187,register_comparator,93.36,3755000,PASS
register_comparator_test_188,register_comparator,93.46,3775000,PASS
register_comparator_test_189,register_comparator,93.55,3795000,PASS
register_comparator_test_190,register_comparator,93.65,3815000,PASS
register_comparator_test_191,register_comparator,93.75,3835000,PASS
register_comparator_test_192,register_comparator,93.85,3855000,PASS
register_comparator_test_193,register_comparator,93.95,3875000,PASS
register_comparator_test_194,register_comparator,94.04,3895000,PASS
register_comparator_test_195,register_comparator,94.14,3915000,PASS
register_comparator_test_196,register_comparator,94.24,3935000,PASS
register_comparator_test_197,register_comparator,94.34,3955000,PASS
register_comparator_test_198,register_comparator,94.43,3975000,PASS
register_comparator_test_199,register_comparator,94.53,3995000,PASS
register_comparator_test_200,register_comparator,94.63,4015000,PASS
register_comparator_test_201,register_comparator,94.73,4035000,PASS
register_comparator_test_202,register_comparator,94.82,4055000,PASS
register_comparator_test_203,register_comparator,94.92,4075000,PASS
register_comparator_test_204,register_comparator,95.02,4095000,PASS
register_comparator_test_205,register_comparator,95.12,4115000,PASS
register_comparator_test_206,register_comparator,95.21,4135000,PASS
register_comparator_test_207,register_comparator,95.31,4155000,PASS
register_comparator_test_208,register_comparator,95.41,4175000,PASS
register_comparator_test_209,register_comparator,95.51,4195000,PASS
register_comparator_test_210,register_comparator,95.61,4215000,PASS
register_comparator_test_211,register_comparator,95.7,4235000,PASS
register_comparator_test_212,register_comparator,95.8,4255000,PASS
register_comparator_test_213,register_comparator,95.9,4275000,PASS
register_comparator_test_214,register_comparator,96.0,4295000,PASS
register_comparator_test_215,register_comparator,96.09,4315000,PASS
register_comparator_test_216,register_comparator,96.19,4335000,PASS
register_comparator_test_217,register_comparator,96.29,4355000,PASS
register_comparator_test_218,register_comparator,96.39,4375000,PASS
register_comparator_test_219,register_comparator,96.48,4395000,PASS
register_comparator_test_220,register_comparator,96.58,4415000,PASS
register_comparator_test_221,register_comparator,96.68,4435000,PASS
register_comparator_test_222,register_comparator,96.78,4455000,PASS
register_comparator_test_223,register_comparator,96.88,4475000,PASS
register_comparator_test_224,register_comparator,96.97,4495000,PASS
register_comparator_test_225,register_comparator,97.07,4515000,PASS
register_comparator_test_226,register_comparator,97.17,4535000,PASS
register_comparator_test_227,register_comparator,97.27,4555000,PASS
register_comparator_test_228,register_comparator,97.36,4575000,PASS
register_comparator_test_229,register_comparator,97.46,4595000,PASS
register_comparator_test_230,register_comparator,97.56,4615000,PASS
register_comparator_test_231,register_comparator,97.66,4635000,PASS
register_comparator_test_232,register_comparator,97.75,4655000,PASS
register_comparator_test_233,register_comparator,97.85,4675000,PASS
register_comparator_test_234,register_comparator,97.95,4695000,PASS
register_comparator_test_235,register_comparator,98.05,4715000,PASS
register_comparator_test_236,register_comparator,98.14,4735000,PASS
register_comparator_test_237,register_comparator,98.24,4755000,PASS
register_comparator_test_238,register_comparator,98.34,4775000,PASS
register_comparator_test_239,register_comparator,98.44,4795000,PASS
register_comparator_test_240,register_comparator,98.54,4815000,PASS
register_comparator_test_241,register_comparator,98.63,4835000,PASS
register_comparator_test_242,register_comparator,98.73,4855000,PASS
register_comparator_test_243,register_comparator,98.83,4875000,PASS
register_comparator_test_244,register_comparator,98.93,4895000,PASS
register_comparator_test_245,register_comparator,99.02,4915000,PASS
register_comparator_test_246,register_comparator,99.12,4935000,PASS
register_comparator_test_247,register_comparator,99.22,4955000,PASS
register_comparator_test_248,register_comparator,99.32,4975000,PASS
register_comparator_test_249,register_comparator,99.41,4995000,PASS
register_comparator_test_250,register_comparator,99.51,5015000,PASS
register_comparator_test_251,register_comparator,99.61,5035000,PASS
register_comparator_test_252,register_comparator,99.71,5055000,PASS
register_comparator_test_253,register_comparator,99.8,5075000,PASS
register_comparator_test_254,register_comparator,99.9,5095000,PASS
register_comparator_test_255,register_comparator,100.0,5115000,PASS
